date,open,high,low,close
2023-09-14,1.27234,1.27805,1.26786,1.27231
2023-09-15,1.27697,1.2796,1.27079,1.27247
2023-09-18,1.27108,1.27308,1.25731,1.26045
2023-09-19,1.25904,1.26385,1.25618,1.25998
2023-09-20,1.26045,1.27314,1.2572,1.26627
2023-09-21,1.26508,1.26847,1.26305,1.26624
2023-09-22,1.26554,1.2682,1.24678,1.25066
2023-09-25,1.25007,1.25551,1.24951,1.2515
2023-09-26,1.25176,1.25658,1.24852,1.253
2023-09-27,1.25649,1.25917,1.2471,1.24982
2023-09-28,1.24924,1.25377,1.24365,1.24709
2023-09-29,1.24654,1.24841,1.23006,1.23759
2023-10-02,1.23962,1.25077,1.23761,1.24523
2023-10-03,1.24788,1.24938,1.23817,1.24414
2023-10-04,1.24491,1.24728,1.23548,1.23727
2023-10-05,1.24138,1.24696,1.23557,1.2437
2023-10-06,1.24295,1.24678,1.23982,1.24527
2023-10-09,1.24569,1.24803,1.24218,1.24395
2023-10-10,1.24749,1.25994,1.24547,1.25694
2023-10-11,1.2571,1.26448,1.25523,1.26289
2023-10-12,1.26218,1.26478,1.25632,1.25709
2023-10-13,1.25917,1.26327,1.25464,1.26145
2023-10-16,1.26321,1.27059,1.25677,1.2683
2023-10-17,1.26881,1.28277,1.26237,1.27611
2023-10-18,1.27456,1.27688,1.27074,1.27527
2023-10-19,1.27419,1.27758,1.26458,1.26783
2023-10-20,1.26627,1.26937,1.25691,1.26276
2023-10-23,1.26193,1.26512,1.26065,1.26226
2023-10-24,1.26061,1.26226,1.25015,1.25257
2023-10-25,1.25207,1.25646,1.24841,1.25337
2023-10-26,1.25261,1.27046,1.24916,1.26415
2023-10-27,1.26343,1.26505,1.26104,1.26429
2023-10-30,1.26402,1.27358,1.26079,1.27087
2023-10-31,1.27098,1.27344,1.26648,1.26804
2023-11-01,1.26723,1.26914,1.26482,1.26689
2023-11-02,1.26739,1.2738,1.26177,1.2647
2023-11-03,1.26431,1.27532,1.26269,1.2743
2023-11-06,1.27442,1.28265,1.2696,1.27824
2023-11-07,1.27748,1.28296,1.27348,1.27399
2023-11-08,1.27479,1.27647,1.27073,1.27172
2023-11-09,1.27153,1.27237,1.25484,1.2595
2023-11-10,1.2591,1.26197,1.25774,1.2601
2023-11-13,1.26174,1.26428,1.25635,1.25848
2023-11-14,1.25769,1.26142,1.25394,1.25615
2023-11-15,1.2584,1.25994,1.25348,1.258
2023-11-16,1.25967,1.26244,1.24942,1.25295
2023-11-17,1.25159,1.2527,1.247,1.25016
2023-11-20,1.25281,1.26227,1.24634,1.25853
2023-11-21,1.26006,1.27134,1.25673,1.26902
2023-11-22,1.26633,1.27324,1.26389,1.26908
2023-11-23,1.26955,1.27554,1.26682,1.27433
2023-11-24,1.27651,1.28144,1.27203,1.27834
2023-11-27,1.27858,1.28162,1.26884,1.27087
2023-11-28,1.26874,1.27422,1.26555,1.27151
2023-11-29,1.2713,1.27751,1.26726,1.27484
2023-11-30,1.27622,1.28725,1.27284,1.28312
2023-12-01,1.2836,1.29149,1.28171,1.28945
2023-12-04,1.29227,1.29494,1.28921,1.2922
2023-12-05,1.29176,1.29354,1.28493,1.28905
2023-12-06,1.29025,1.29528,1.28764,1.2925
2023-12-07,1.29335,1.29663,1.2929,1.29514
2023-12-08,1.29372,1.29527,1.27696,1.27817
2023-12-11,1.27474,1.28141,1.27228,1.2798
2023-12-12,1.27908,1.28063,1.27613,1.2782
2023-12-13,1.27765,1.28013,1.27453,1.27783
2023-12-14,1.27753,1.28287,1.27589,1.27862
2023-12-15,1.2787,1.28151,1.27258,1.27475
2023-12-18,1.27397,1.27604,1.26552,1.2661
2023-12-19,1.26455,1.27069,1.25988,1.26707
2023-12-20,1.26931,1.27235,1.25622,1.26036
2023-12-21,1.26171,1.26922,1.2593,1.26721
2023-12-22,1.26573,1.27831,1.26321,1.27663
2023-12-25,1.27535,1.28637,1.2731,1.28497
2023-12-26,1.28351,1.29039,1.28141,1.28882
2023-12-27,1.28942,1.30821,1.28564,1.30345
2023-12-28,1.30434,1.30687,1.29642,1.30016
2023-12-29,1.29938,1.30272,1.29068,1.29469
2024-01-01,1.29381,1.2979,1.28105,1.28567
2024-01-02,1.28534,1.28976,1.27427,1.27787
2024-01-03,1.27556,1.27762,1.27139,1.27378
2024-01-04,1.27326,1.27949,1.26805,1.27119
2024-01-05,1.27076,1.27516,1.25885,1.26023
2024-01-08,1.25792,1.25921,1.24555,1.24796
2024-01-09,1.24711,1.25478,1.24396,1.25244
2024-01-10,1.25311,1.25469,1.24879,1.25012
2024-01-11,1.25008,1.25205,1.24199,1.24339
2024-01-12,1.24293,1.25451,1.24208,1.25261
2024-01-15,1.25154,1.26056,1.24864,1.25699
2024-01-16,1.25597,1.26513,1.25416,1.25765
2024-01-17,1.25838,1.26239,1.24675,1.24864
2024-01-18,1.2481,1.25056,1.23966,1.24081
2024-01-19,1.24057,1.25241,1.23731,1.24995
2024-01-22,1.252,1.25881,1.25001,1.25496
2024-01-23,1.25809,1.26219,1.25487,1.25729
2024-01-24,1.25703,1.26885,1.25547,1.26763
2024-01-25,1.26987,1.27259,1.26283,1.2682
2024-01-26,1.27066,1.28076,1.26886,1.27633
2024-01-29,1.27468,1.28491,1.26826,1.27575
2024-01-30,1.27534,1.27894,1.27168,1.27309
2024-01-31,1.27283,1.27633,1.25758,1.25971
2024-02-01,1.25768,1.26599,1.25513,1.26257
2024-02-02,1.26439,1.26631,1.25921,1.26289
2024-02-05,1.26401,1.26685,1.26234,1.2652
2024-02-06,1.2648,1.26856,1.26099,1.26328
2024-02-07,1.26263,1.26626,1.26104,1.26367
2024-02-08,1.26638,1.27392,1.26392,1.26881
2024-02-09,1.26788,1.27473,1.26413,1.27186
2024-02-12,1.27152,1.2761,1.26837,1.27482
2024-02-13,1.27269,1.28221,1.25932,1.26774
2024-02-14,1.26909,1.27972,1.26483,1.27412
2024-02-15,1.27371,1.27819,1.26006,1.26593
2024-02-16,1.26781,1.27104,1.26624,1.26778
2024-02-19,1.26446,1.275,1.26329,1.27085
2024-02-20,1.27127,1.27539,1.26271,1.26623
2024-02-21,1.26914,1.27303,1.26359,1.26622
2024-02-22,1.26609,1.26897,1.26304,1.26791
2024-02-23,1.26856,1.26918,1.25887,1.26121
2024-02-26,1.26023,1.26478,1.25571,1.26112
2024-02-27,1.26213,1.27033,1.25346,1.25806
2024-02-28,1.25978,1.26691,1.25708,1.26461
2024-02-29,1.26665,1.27344,1.26221,1.26922
2024-03-01,1.26894,1.27598,1.26719,1.27412
2024-03-04,1.27412,1.27829,1.26067,1.26299
2024-03-05,1.2603,1.26748,1.25827,1.26419
2024-03-06,1.26395,1.26756,1.25915,1.26187
2024-03-07,1.26198,1.26438,1.25363,1.25593
2024-03-08,1.25656,1.26117,1.25331,1.25461
2024-03-11,1.25177,1.25684,1.25004,1.25588
2024-03-12,1.2569,1.25833,1.24098,1.24339
2024-03-13,1.24368,1.24929,1.24059,1.24589
2024-03-14,1.2443,1.25767,1.23981,1.25476
2024-03-15,1.25398,1.26417,1.24855,1.25945
2024-03-18,1.25989,1.26733,1.25599,1.26575
2024-03-19,1.26316,1.26475,1.25418,1.25576
2024-03-20,1.25688,1.26216,1.24332,1.24755
2024-03-21,1.24898,1.25228,1.24464,1.24823
2024-03-22,1.24917,1.25071,1.23562,1.23944
2024-03-25,1.23963,1.24168,1.23755,1.23888
2024-03-26,1.23867,1.24197,1.22468,1.22816
2024-03-27,1.22819,1.2334,1.2218,1.22612
2024-03-28,1.22675,1.22958,1.21972,1.22172
2024-03-29,1.22119,1.22801,1.21081,1.21265
2024-04-01,1.21243,1.21446,1.20238,1.2047
2024-04-02,1.20284,1.20757,1.19928,1.20233
2024-04-03,1.20294,1.21312,1.20154,1.20577
2024-04-04,1.20801,1.21189,1.19582,1.20019
2024-04-05,1.19928,1.20393,1.19501,1.20275
2024-04-08,1.20316,1.20467,1.20185,1.20353
2024-04-09,1.20644,1.20873,1.20266,1.2037
2024-04-10,1.202,1.2133,1.196,1.20683
2024-04-11,1.20275,1.21741,1.20069,1.21287
2024-04-12,1.21273,1.22399,1.20847,1.22046
2024-04-15,1.2173,1.21882,1.20968,1.21206
2024-04-16,1.21169,1.2218,1.20868,1.22133
2024-04-17,1.22126,1.22965,1.21639,1.2272
2024-04-18,1.23033,1.23262,1.22192,1.22575
2024-04-19,1.22615,1.23309,1.22494,1.23097
2024-04-22,1.23369,1.24298,1.22982,1.2383
2024-04-23,1.24202,1.25533,1.23935,1.25057
2024-04-24,1.25066,1.25503,1.24744,1.25002
2024-04-25,1.25298,1.25722,1.25081,1.25566
2024-04-26,1.25479,1.2578,1.24885,1.25114
2024-04-29,1.251,1.2573,1.24851,1.25339
2024-04-30,1.25361,1.25705,1.2472,1.25168
2024-05-01,1.2507,1.25176,1.24642,1.24958
2024-05-02,1.24654,1.24943,1.2354,1.23606
2024-05-03,1.23757,1.23955,1.2371,1.23796
2024-05-06,1.23789,1.24328,1.23716,1.2414
2024-05-07,1.24282,1.24596,1.23202,1.23388
2024-05-08,1.23415,1.2367,1.23162,1.23441
2024-05-09,1.23144,1.23527,1.21587,1.21779
2024-05-10,1.21786,1.21917,1.21539,1.21631
2024-05-13,1.21458,1.21957,1.20188,1.2055
2024-05-14,1.20595,1.20965,1.2005,1.20169
2024-05-15,1.19954,1.20256,1.19806,1.20102
2024-05-16,1.20157,1.20355,1.19856,1.20003
2024-05-17,1.20156,1.20479,1.2,1.20373
2024-05-20,1.20532,1.21103,1.20193,1.2067
2024-05-21,1.20721,1.21105,1.20355,1.2062
2024-05-22,1.2091,1.21376,1.20749,1.20955
2024-05-23,1.2098,1.21856,1.20646,1.21753
2024-05-24,1.21732,1.22,1.20628,1.20909
2024-05-27,1.20716,1.21313,1.20226,1.2104
2024-05-28,1.20912,1.21189,1.20684,1.21024
2024-05-29,1.20906,1.21249,1.20451,1.2064
2024-05-30,1.20573,1.21589,1.20109,1.21295
2024-05-31,1.21277,1.22972,1.20995,1.22469
2024-06-03,1.22532,1.22945,1.21941,1.22725
2024-06-04,1.22689,1.23057,1.21403,1.21784
2024-06-05,1.21891,1.22238,1.21112,1.21448
2024-06-06,1.2127,1.21827,1.21201,1.21567
2024-06-07,1.21477,1.21842,1.20916,1.21077
2024-06-10,1.21141,1.22087,1.20458,1.21525
2024-06-11,1.21447,1.2194,1.21201,1.21487
2024-06-12,1.2152,1.23198,1.21291,1.22534
2024-06-13,1.22688,1.23068,1.2236,1.22613
2024-06-14,1.22415,1.23372,1.22214,1.23233
2024-06-17,1.23217,1.23267,1.21974,1.22114
2024-06-18,1.22099,1.22527,1.21012,1.21355
2024-06-19,1.21156,1.2161,1.20318,1.20774
2024-06-20,1.20677,1.21329,1.20322,1.21111
2024-06-21,1.20899,1.21288,1.20546,1.2105
2024-06-24,1.21107,1.22152,1.20557,1.21852
2024-06-25,1.21887,1.22729,1.20729,1.21496
2024-06-26,1.21615,1.21879,1.21147,1.2131
2024-06-27,1.21398,1.21719,1.20578,1.20732
2024-06-28,1.20556,1.21653,1.20145,1.21471
2024-07-01,1.21616,1.2265,1.20757,1.20984
2024-07-02,1.20928,1.21222,1.19995,1.20235
2024-07-03,1.20259,1.20677,1.19984,1.20385
2024-07-04,1.20733,1.21457,1.19949,1.20657
2024-07-05,1.2062,1.21034,1.19761,1.20128
2024-07-08,1.20334,1.20936,1.19904,1.20855
2024-07-09,1.20709,1.21166,1.20342,1.20647
2024-07-10,1.20475,1.20572,1.20118,1.20231
2024-07-11,1.20306,1.20595,1.19642,1.19839
2024-07-12,1.19742,1.20158,1.19367,1.19623
2024-07-15,1.1969,1.20266,1.19535,1.20007
2024-07-16,1.20147,1.2026,1.20029,1.20114
2024-07-17,1.20129,1.20366,1.18936,1.19175
2024-07-18,1.18928,1.20159,1.18266,1.1991
2024-07-19,1.19706,1.19905,1.19419,1.19835
2024-07-22,1.19958,1.20201,1.19428,1.19738
2024-07-23,1.19635,1.19924,1.18743,1.19034
2024-07-24,1.19001,1.19146,1.18664,1.19016
2024-07-25,1.19012,1.19708,1.18793,1.19434
2024-07-26,1.19568,1.2127,1.19167,1.2076
2024-07-29,1.20869,1.21533,1.2049,1.21235
2024-07-30,1.21267,1.21776,1.20349,1.20681
2024-07-31,1.2065,1.20859,1.20174,1.2046
2024-08-01,1.20595,1.20768,1.19413,1.19776
2024-08-02,1.19851,1.20362,1.19708,1.20106
2024-08-05,1.20367,1.20739,1.19192,1.19577
2024-08-06,1.19652,1.20846,1.19368,1.20428
2024-08-07,1.20513,1.20792,1.20137,1.20412
2024-08-08,1.20534,1.21202,1.20387,1.20983
2024-08-09,1.21226,1.21473,1.20833,1.2132
2024-08-12,1.21005,1.21339,1.2057,1.20853
2024-08-13,1.20703,1.20915,1.19794,1.20368
2024-08-14,1.20752,1.21096,1.20045,1.20216
2024-08-15,1.20333,1.20778,1.19983,1.20453
2024-08-16,1.20497,1.20785,1.20188,1.20423
2024-08-19,1.20419,1.20709,1.19297,1.19656
2024-08-20,1.19607,1.19895,1.18661,1.18786
2024-08-21,1.18571,1.19202,1.18425,1.18833
2024-08-22,1.18737,1.18998,1.18302,1.18423
2024-08-23,1.18063,1.18486,1.16419,1.17028
2024-08-26,1.16945,1.17684,1.16706,1.17524
2024-08-27,1.17598,1.17905,1.17275,1.17736
2024-08-28,1.17584,1.18831,1.17253,1.18554
2024-08-29,1.18486,1.1974,1.18159,1.19275
2024-08-30,1.19132,1.19493,1.19011,1.19159
2024-09-02,1.19148,1.20042,1.18963,1.19555
2024-09-03,1.19573,1.20154,1.19489,1.19957
2024-09-04,1.20122,1.21274,1.19827,1.20807
2024-09-05,1.20971,1.21316,1.20602,1.21066
2024-09-06,1.21202,1.21909,1.21054,1.21414
2024-09-09,1.21661,1.2198,1.21132,1.2174
2024-09-10,1.217,1.21871,1.21147,1.21308
2024-09-11,1.213,1.21598,1.21164,1.21349
2024-09-12,1.21331,1.23008,1.21043,1.225
2024-09-13,1.22535,1.22967,1.22108,1.22863
2024-09-16,1.22978,1.23217,1.22578,1.22708
2024-09-17,1.22923,1.23277,1.22282,1.22687
2024-09-18,1.22962,1.2327,1.22554,1.23009
2024-09-19,1.23176,1.23498,1.22295,1.22826
2024-09-20,1.22908,1.23135,1.2252,1.22822
2024-09-23,1.22796,1.22992,1.22112,1.22305
2024-09-24,1.22206,1.23596,1.21671,1.23233
2024-09-25,1.23115,1.24525,1.22696,1.24302
2024-09-26,1.24401,1.24623,1.23919,1.24086
2024-09-27,1.2399,1.2497,1.23404,1.24524
2024-09-30,1.24544,1.24697,1.22953,1.23204
2024-10-01,1.23072,1.23516,1.22033,1.22609
2024-10-02,1.22671,1.24082,1.22409,1.23886
2024-10-03,1.23986,1.25064,1.23713,1.24859
2024-10-04,1.24706,1.2497,1.23677,1.23925
2024-10-07,1.23751,1.239,1.22777,1.23145
2024-10-08,1.23266,1.23608,1.22474,1.22687
2024-10-09,1.22563,1.22907,1.22255,1.22329
2024-10-10,1.22128,1.22505,1.2137,1.2173
2024-10-11,1.21794,1.22301,1.21349,1.21813
2024-10-14,1.21659,1.22025,1.2076,1.21106
2024-10-15,1.21243,1.2152,1.20907,1.2105
2024-10-16,1.21129,1.21745,1.20077,1.20304
2024-10-17,1.20289,1.20568,1.19701,1.19948
2024-10-18,1.19742,1.20266,1.18836,1.19206
2024-10-21,1.19144,1.19679,1.1852,1.18804
2024-10-22,1.18958,1.19234,1.18651,1.19007
2024-10-23,1.18939,1.19369,1.18416,1.18736
2024-10-24,1.18587,1.1952,1.18003,1.1929
2024-10-25,1.19204,1.19772,1.18783,1.19525
2024-10-28,1.19394,1.20042,1.18721,1.19696
2024-10-29,1.19878,1.20235,1.19283,1.19548
2024-10-30,1.19811,1.19956,1.19592,1.19774
2024-10-31,1.19764,1.20075,1.19179,1.19731
2024-11-01,1.1956,1.20119,1.18435,1.18673
2024-11-04,1.18402,1.18722,1.17396,1.17644
2024-11-05,1.17658,1.17973,1.17075,1.17367
2024-11-06,1.17518,1.17993,1.17019,1.17234
2024-11-07,1.17303,1.17698,1.1705,1.17228
2024-11-08,1.17493,1.18051,1.17378,1.17647
2024-11-11,1.17667,1.18551,1.1728,1.18154
2024-11-12,1.18033,1.18642,1.16385,1.16905
2024-11-13,1.17005,1.17286,1.14872,1.15326
2024-11-14,1.15152,1.15537,1.148,1.1502
2024-11-15,1.15044,1.15215,1.14177,1.14389
2024-11-18,1.1431,1.15534,1.14234,1.15375
2024-11-19,1.15316,1.16263,1.15166,1.16081
2024-11-20,1.16202,1.16663,1.15783,1.15972
2024-11-21,1.15956,1.16275,1.15704,1.16185
2024-11-22,1.16202,1.16719,1.15777,1.1638
2024-11-25,1.16341,1.16569,1.15963,1.16022
2024-11-26,1.16296,1.16903,1.16026,1.1665
2024-11-27,1.16712,1.16849,1.15584,1.15721
2024-11-28,1.15578,1.16866,1.15413,1.16722
2024-11-29,1.16618,1.17228,1.16258,1.1692
2024-12-02,1.16899,1.17212,1.16819,1.17159
2024-12-03,1.17096,1.18803,1.16906,1.18394
2024-12-04,1.18214,1.18425,1.17168,1.17418
2024-12-05,1.17293,1.17509,1.16934,1.1718
2024-12-06,1.17288,1.174,1.1612,1.16424
2024-12-09,1.16366,1.16522,1.16059,1.16437
2024-12-10,1.16316,1.16911,1.15906,1.16734
2024-12-11,1.16788,1.18158,1.1671,1.17981
2024-12-12,1.18048,1.1854,1.17797,1.18033
2024-12-13,1.18098,1.18367,1.17661,1.1794
2024-12-16,1.17802,1.1794,1.1748,1.17748
2024-12-17,1.17795,1.18377,1.17417,1.17873
2024-12-18,1.17817,1.17963,1.16776,1.17321
2024-12-19,1.17412,1.18694,1.17085,1.18143
2024-12-20,1.17889,1.18117,1.17217,1.17471
2024-12-23,1.17334,1.17804,1.16466,1.16858
2024-12-24,1.16837,1.17502,1.16509,1.16669
2024-12-25,1.16761,1.17845,1.16193,1.17304
2024-12-26,1.1734,1.18636,1.17061,1.18217
2024-12-27,1.18243,1.18983,1.18031,1.18721
2024-12-30,1.18575,1.18778,1.17939,1.18054
2024-12-31,1.18322,1.18581,1.17909,1.18389
2025-01-01,1.18648,1.19156,1.18288,1.18997
2025-01-02,1.18999,1.19094,1.18674,1.18788
2025-01-03,1.18462,1.19277,1.18145,1.1902
2025-01-06,1.19063,1.19411,1.18838,1.19228
2025-01-07,1.19417,1.19636,1.18555,1.18844
2025-01-08,1.18862,1.19774,1.18717,1.197
2025-01-09,1.19451,1.20119,1.19186,1.19878
2025-01-10,1.19886,1.20127,1.18904,1.19041
2025-01-13,1.19069,1.19989,1.18748,1.1954
2025-01-14,1.19525,1.20443,1.19056,1.20227
2025-01-15,1.20109,1.20267,1.19286,1.19425
2025-01-16,1.19289,1.20683,1.19011,1.20358
2025-01-17,1.20657,1.20713,1.20173,1.20434
2025-01-20,1.20505,1.20638,1.1998,1.20073
2025-01-21,1.20308,1.20641,1.189,1.19295
2025-01-22,1.19288,1.20573,1.19129,1.20458
2025-01-23,1.20661,1.2086,1.19937,1.20213
2025-01-24,1.20332,1.20493,1.18943,1.19114
2025-01-27,1.19146,1.19419,1.18424,1.18696
2025-01-28,1.18516,1.18998,1.17478,1.17666
2025-01-29,1.17922,1.18235,1.17608,1.18114
2025-01-30,1.17945,1.1862,1.17625,1.18173
2025-01-31,1.18123,1.18393,1.17512,1.17975
2025-02-03,1.17698,1.18128,1.17602,1.17954
2025-02-04,1.17771,1.18258,1.16881,1.1718
2025-02-05,1.17321,1.18715,1.1717,1.18278
2025-02-06,1.18389,1.18735,1.17716,1.18294
2025-02-07,1.18459,1.18792,1.17677,1.18176
2025-02-10,1.18131,1.1902,1.17693,1.18965
2025-02-11,1.19059,1.19131,1.18334,1.18518
2025-02-12,1.18585,1.19629,1.18368,1.19335
2025-02-13,1.1946,1.19625,1.19146,1.19421
2025-02-14,1.19309,1.19459,1.18864,1.1923
2025-02-17,1.19406,1.19854,1.18793,1.19087
2025-02-18,1.19295,1.19953,1.19011,1.1975
2025-02-19,1.19886,1.2019,1.18862,1.19117
2025-02-20,1.19095,1.19438,1.18702,1.19366
2025-02-21,1.19257,1.20331,1.18964,1.19927
2025-02-24,1.19967,1.2045,1.19483,1.2011
2025-02-25,1.20109,1.20752,1.19755,1.2019
2025-02-26,1.20301,1.20859,1.19809,1.20379
2025-02-27,1.20289,1.20632,1.19415,1.19616
2025-02-28,1.19795,1.21615,1.19516,1.21103
2025-03-03,1.21152,1.21345,1.1997,1.20282
2025-03-04,1.20451,1.21874,1.20188,1.21707
2025-03-05,1.21807,1.22259,1.21507,1.21921
2025-03-06,1.21881,1.22202,1.20962,1.21313
2025-03-07,1.2151,1.21631,1.21218,1.21432
2025-03-10,1.21406,1.21497,1.20415,1.20539
2025-03-11,1.20424,1.20609,1.19772,1.19994
2025-03-12,1.19907,1.20609,1.19508,1.20545
2025-03-13,1.20521,1.21189,1.20304,1.21021
2025-03-14,1.2092,1.214,1.20651,1.2113
2025-03-17,1.21257,1.21684,1.21093,1.21242
2025-03-18,1.21098,1.22107,1.20661,1.21799
2025-03-19,1.21775,1.22663,1.21098,1.22484
2025-03-20,1.22153,1.22492,1.2071,1.20871
2025-03-21,1.20676,1.20874,1.20243,1.20557
2025-03-24,1.20662,1.211,1.20304,1.20724
2025-03-25,1.20734,1.21091,1.2012,1.20682
2025-03-26,1.20999,1.21119,1.20518,1.20731
2025-03-27,1.20475,1.2095,1.19178,1.19336
2025-03-28,1.19014,1.19243,1.1801,1.18417
2025-03-31,1.18413,1.18979,1.17456,1.17712
2025-04-01,1.17655,1.18039,1.1708,1.17479
2025-04-02,1.17446,1.17561,1.16989,1.17487
2025-04-03,1.17518,1.17799,1.16422,1.16695
2025-04-04,1.16577,1.17258,1.16148,1.16959
2025-04-07,1.16723,1.16951,1.15932,1.16488
2025-04-08,1.16443,1.1718,1.15961,1.17024
2025-04-09,1.16922,1.17442,1.16548,1.1702
2025-04-10,1.17004,1.17208,1.15953,1.16305
2025-04-11,1.1639,1.16783,1.15985,1.1625
2025-04-14,1.16463,1.16656,1.15796,1.15857
2025-04-15,1.15715,1.16213,1.15444,1.15914
2025-04-16,1.15907,1.16715,1.15621,1.16218
2025-04-17,1.16274,1.16428,1.14636,1.149
2025-04-18,1.14704,1.16006,1.14405,1.15584
2025-04-21,1.15616,1.15949,1.15317,1.15743
2025-04-22,1.1588,1.16755,1.15597,1.16283
2025-04-23,1.16457,1.17652,1.16085,1.1692
2025-04-24,1.16943,1.17215,1.16037,1.16308
2025-04-25,1.16095,1.16829,1.15784,1.16096
2025-04-28,1.16153,1.16626,1.15231,1.15583
2025-04-29,1.15456,1.15995,1.14825,1.15541
2025-04-30,1.15707,1.16649,1.15611,1.16251
2025-05-01,1.16156,1.16293,1.14968,1.15313
2025-05-02,1.15286,1.15737,1.1434,1.14691
2025-05-05,1.1448,1.1511,1.14435,1.15004
2025-05-06,1.14933,1.15221,1.14577,1.15113
2025-05-07,1.15311,1.156,1.148,1.15163
2025-05-08,1.15148,1.16329,1.14781,1.15898
2025-05-09,1.15962,1.16531,1.15731,1.1632
2025-05-12,1.163,1.16792,1.16187,1.16551
2025-05-13,1.16748,1.1737,1.16293,1.16831
2025-05-14,1.16773,1.17375,1.15463,1.16035
2025-05-15,1.15964,1.16365,1.14864,1.15215
2025-05-16,1.1521,1.15582,1.1493,1.15056
2025-05-19,1.15027,1.15678,1.13974,1.14342
2025-05-20,1.14225,1.14775,1.13949,1.14418
2025-05-21,1.14359,1.15401,1.14107,1.14763
2025-05-22,1.14857,1.154,1.1429,1.14934
2025-05-23,1.14994,1.15274,1.14389,1.14853
2025-05-26,1.14794,1.14973,1.13429,1.13591
2025-05-27,1.13595,1.14078,1.13026,1.13094
2025-05-28,1.13181,1.13538,1.12886,1.13394
2025-05-29,1.13335,1.13919,1.12899,1.13216
2025-05-30,1.13332,1.13943,1.13057,1.1362
2025-06-02,1.13496,1.14109,1.13323,1.13458
2025-06-03,1.13481,1.13677,1.13163,1.13421
2025-06-04,1.13402,1.13661,1.13067,1.13443
2025-06-05,1.13348,1.13916,1.13061,1.13489
2025-06-06,1.13447,1.14146,1.13165,1.13682
2025-06-09,1.1359,1.13929,1.1299,1.13217
2025-06-10,1.13124,1.13375,1.12426,1.12684
2025-06-11,1.1262,1.12776,1.10836,1.10985
2025-06-12,1.10858,1.10937,1.10429,1.10825
2025-06-13,1.10686,1.11074,1.10019,1.10226
2025-06-16,1.10044,1.10772,1.09863,1.10278
2025-06-17,1.10463,1.10614,1.0972,1.09903
2025-06-18,1.10035,1.10291,1.09322,1.09568
2025-06-19,1.0976,1.10001,1.09069,1.09382
2025-06-20,1.09245,1.09979,1.0909,1.09676
2025-06-23,1.09696,1.10624,1.09226,1.10492
2025-06-24,1.10643,1.11089,1.09546,1.09895
2025-06-25,1.09714,1.10055,1.09493,1.09689
2025-06-26,1.09572,1.09669,1.09117,1.09242
2025-06-27,1.09383,1.09842,1.08431,1.08685
2025-06-30,1.08856,1.09557,1.08644,1.0915
2025-07-01,1.09006,1.09171,1.08493,1.08781
2025-07-02,1.08863,1.09144,1.08645,1.08911
2025-07-03,1.08963,1.09246,1.08552,1.08819
2025-07-04,1.08727,1.09728,1.08454,1.09341
2025-07-07,1.09245,1.09471,1.09065,1.09278
2025-07-08,1.09344,1.09631,1.08864,1.09387
2025-07-09,1.0933,1.09692,1.08365,1.08807
2025-07-10,1.08645,1.09116,1.08419,1.08836
2025-07-11,1.08972,1.09492,1.08785,1.09386
2025-07-14,1.09232,1.09691,1.08747,1.09085
2025-07-15,1.09167,1.09376,1.08699,1.09099
2025-07-16,1.09177,1.09479,1.08699,1.09242
2025-07-17,1.09321,1.09526,1.09186,1.09418
2025-07-18,1.09459,1.09505,1.08858,1.09042
2025-07-21,1.09106,1.09733,1.0871,1.09453
2025-07-22,1.09329,1.0968,1.08166,1.08663
2025-07-23,1.08829,1.091,1.07801,1.08076
2025-07-24,1.08219,1.08733,1.06719,1.07026
2025-07-25,1.07045,1.07217,1.06223,1.06698
2025-07-28,1.06856,1.07854,1.06694,1.07596
2025-07-29,1.07585,1.07804,1.06594,1.07074
2025-07-30,1.06747,1.07172,1.0658,1.06992
2025-07-31,1.07019,1.07362,1.06968,1.07255
2025-08-01,1.07498,1.07694,1.06958,1.07292
2025-08-04,1.07411,1.07513,1.07057,1.07218
2025-08-05,1.07098,1.0731,1.06258,1.0654
2025-08-06,1.06586,1.06886,1.06527,1.06795
2025-08-07,1.0705,1.07246,1.06388,1.06719
2025-08-08,1.06693,1.07227,1.06435,1.06838
2025-08-11,1.06849,1.07079,1.05854,1.06085
2025-08-12,1.05989,1.06223,1.04703,1.04948
2025-08-13,1.04955,1.05614,1.04477,1.04681
2025-08-14,1.04639,1.05012,1.04029,1.04295
2025-08-15,1.04158,1.05559,1.03823,1.05317
2025-08-18,1.05291,1.05634,1.04757,1.04922
2025-08-19,1.0502,1.051,1.04183,1.04448
2025-08-20,1.04312,1.04655,1.03711,1.04015
2025-08-21,1.04017,1.04218,1.02694,1.02844
2025-08-22,1.02914,1.03365,1.02572,1.03105
2025-08-25,1.02948,1.03672,1.02518,1.0354
2025-08-26,1.03466,1.03595,1.02868,1.02927
2025-08-27,1.02958,1.03069,1.02415,1.02495
2025-08-28,1.02179,1.02748,1.01966,1.02566
2025-08-29,1.02538,1.03091,1.02312,1.02789
2025-09-01,1.02799,1.04191,1.02481,1.03841
2025-09-02,1.03779,1.04127,1.03193,1.03558
2025-09-03,1.03547,1.04519,1.03448,1.04189
2025-09-04,1.04053,1.04105,1.03305,1.03439
2025-09-05,1.03567,1.03779,1.02619,1.02913
2025-09-08,1.02992,1.03252,1.02744,1.03188
2025-09-09,1.0324,1.03479,1.02904,1.03206
2025-09-10,1.03444,1.03781,1.03,1.03652
2025-09-11,1.03765,1.05478,1.03598,1.05062
2025-09-12,1.04997,1.05235,1.04901,1.05071
2025-09-15,1.05292,1.05749,1.05222,1.05671
2025-09-16,1.05872,1.06166,1.05597,1.05959
2025-09-17,1.05781,1.06368,1.05531,1.06189
2025-09-18,1.05952,1.06218,1.05581,1.05985
2025-09-19,1.05972,1.06948,1.05933,1.06772
2025-09-22,1.06825,1.07858,1.06338,1.07433
2025-09-23,1.07367,1.07731,1.07258,1.0769
2025-09-24,1.07461,1.08597,1.07299,1.08246
2025-09-25,1.08137,1.08422,1.07254,1.07561
2025-09-26,1.07531,1.0775,1.07067,1.07355
2025-09-29,1.0721,1.08461,1.06996,1.08224
2025-09-30,1.07922,1.08501,1.07385,1.07527
2025-10-01,1.0743,1.07597,1.07211,1.07394
2025-10-02,1.07263,1.0763,1.0635,1.06687
2025-10-03,1.06743,1.0687,1.06393,1.06637
2025-10-06,1.06743,1.07066,1.06359,1.06603
2025-10-07,1.06792,1.07479,1.06496,1.07166
2025-10-08,1.07286,1.07458,1.06721,1.07265
2025-10-09,1.07331,1.07602,1.07088,1.07436
2025-10-10,1.07463,1.07788,1.05929,1.06323
2025-10-13,1.06339,1.06399,1.05209,1.05633
2025-10-14,1.05714,1.06342,1.05423,1.05605
2025-10-15,1.05432,1.0573,1.04939,1.05436
2025-10-16,1.05649,1.05776,1.04616,1.05014
2025-10-17,1.05124,1.05729,1.04897,1.055
2025-10-20,1.05708,1.06619,1.05475,1.06487
2025-10-21,1.06661,1.07236,1.06368,1.06773
2025-10-22,1.06821,1.07059,1.06624,1.06865
2025-10-23,1.06877,1.07235,1.0551,1.05723
2025-10-24,1.05771,1.05998,1.04671,1.04919
2025-10-27,1.04742,1.04947,1.03834,1.04032
2025-10-28,1.03872,1.04114,1.03346,1.03433
2025-10-29,1.0327,1.03422,1.02487,1.02755
2025-10-30,1.02743,1.02884,1.02306,1.02612
2025-10-31,1.02544,1.02662,1.01455,1.01563
2025-11-03,1.01625,1.02169,1.01398,1.02049
2025-11-04,1.02216,1.02528,1.01611,1.02095
2025-11-05,1.02345,1.0249,1.00995,1.01104
2025-11-06,1.01211,1.01527,1.00921,1.01119
2025-11-07,1.0099,1.011,0.99897,1.00234
2025-11-10,0.9994,1.00046,0.99528,0.99685
2025-11-11,0.99788,1.00408,0.99314,0.99949
2025-11-12,0.99912,1.00203,0.99285,0.99481
2025-11-13,0.99397,1.00016,0.99166,0.99334
2025-11-14,0.99343,0.9976,0.99116,0.99482
2025-11-17,0.99168,0.99244,0.97676,0.97898
2025-11-18,0.97895,0.98162,0.9774,0.98046
2025-11-19,0.9798,0.98601,0.97763,0.98451
2025-11-20,0.98413,0.98818,0.97803,0.98225
2025-11-21,0.98208,0.98333,0.9794,0.98204
2025-11-24,0.98247,0.98617,0.97657,0.97869
2025-11-25,0.97664,0.98038,0.97393,0.97758
2025-11-26,0.97744,0.98341,0.97674,0.98099
2025-11-27,0.98109,0.9838,0.9721,0.97587
2025-11-28,0.97728,0.97995,0.96965,0.97128
2025-12-01,0.97176,0.97329,0.9615,0.9661
2025-12-02,0.9672,0.97184,0.9653,0.97076
2025-12-03,0.96983,0.97416,0.96943,0.97332
2025-12-04,0.97255,0.97626,0.97151,0.97488
2025-12-05,0.97735,0.98163,0.9734,0.98001
2025-12-08,0.98037,0.98966,0.97891,0.98789
2025-12-09,0.98728,0.99122,0.98432,0.98945
2025-12-10,0.98867,0.99018,0.98407,0.98508
2025-12-11,0.98549,0.98753,0.97827,0.98058
2025-12-12,0.98056,0.98264,0.97732,0.97857
2025-12-15,0.97756,0.98342,0.97635,0.98166
2025-12-16,0.98262,0.98906,0.97998,0.98628
2025-12-17,0.98812,0.99777,0.98547,0.99503
2025-12-18,0.99801,1.00048,0.98647,0.99174
2025-12-19,0.99267,0.99934,0.99171,0.99778
2025-12-22,0.99715,0.99933,0.99159,0.99295
2025-12-23,0.99275,1.00151,0.99184,0.99944
2025-12-24,0.99863,1.00158,0.99712,1.00094
2025-12-25,1.0015,1.00499,0.99998,1.00228
2025-12-26,1.00034,1.00201,0.99314,0.99667
2025-12-29,0.99709,1.00036,0.99135,0.9939
2025-12-30,0.9933,0.99524,0.99029,0.99246
2025-12-31,0.99179,0.99344,0.99106,0.99261
2026-01-01,0.99205,0.99647,0.98941,0.99439
2026-01-02,0.99425,0.99891,0.99241,0.99685
2026-01-05,0.99772,1.00012,0.99562,0.99703
2026-01-06,0.99811,1.00656,0.99632,1.00221
2026-01-07,1.00209,1.00406,0.99593,0.9967
2026-01-08,0.99658,0.99751,0.98777,0.99226
2026-01-09,0.99237,1.01132,0.9898,1.00503
2026-01-12,1.00259,1.00698,0.99963,1.00585
2026-01-13,1.00647,1.01137,1.00533,1.00811
2026-01-14,1.0067,1.01918,1.00382,1.01729
2026-01-15,1.01582,1.01909,1.01023,1.01235
2026-01-16,1.01164,1.01514,1.00907,1.01385
2026-01-19,1.01626,1.02107,1.01397,1.01775
2026-01-20,1.01698,1.01804,1.01459,1.01641
2026-01-21,1.01708,1.02064,1.01357,1.01596
2026-01-22,1.01776,1.02159,1.01188,1.01295
2026-01-23,1.01475,1.01638,1.00585,1.00742
2026-01-26,1.00788,1.01932,1.00656,1.01365
2026-01-27,1.01465,1.02029,1.01281,1.01649
2026-01-28,1.01655,1.01988,1.00858,1.01086
2026-01-29,1.0104,1.01428,1.00832,1.01356
2026-01-30,1.01256,1.01707,1.00955,1.01512
2026-02-02,1.01413,1.01965,1.01178,1.01891
2026-02-03,1.01898,1.02358,1.01785,1.02159
2026-02-04,1.02124,1.02534,1.01796,1.02306
2026-02-05,1.02176,1.0243,1.00792,1.00981
2026-02-06,1.0101,1.02065,1.00806,1.01574
2026-02-09,1.01539,1.02033,1.01303,1.01884
2026-02-10,1.02002,1.02214,1.01727,1.02037
2026-02-11,1.02245,1.02503,1.0149,1.01733
2026-02-12,1.01667,1.01842,1.01286,1.01451
2026-02-13,1.01357,1.02828,1.01187,1.02527
2026-02-16,1.02477,1.02868,1.01803,1.01922
2026-02-17,1.02055,1.02236,1.01802,1.01928
2026-02-18,1.01685,1.01738,1.00872,1.00925
2026-02-19,1.00922,1.01137,1.00836,1.01072
2026-02-20,1.01153,1.01663,1.00968,1.01564
2026-02-23,1.01487,1.01734,1.00753,1.01055
2026-02-24,1.00925,1.02191,1.00674,1.01767
2026-02-25,1.01709,1.02028,1.01402,1.01653
2026-02-26,1.01707,1.01947,1.0127,1.01668
2026-02-27,1.01316,1.01504,1.00922,1.0122
2026-03-02,1.01169,1.01597,1.0038,1.0069
2026-03-03,1.00696,1.00872,1.00023,1.00078
2026-03-04,1.00104,1.0051,0.99391,0.99828
2026-03-05,0.99701,1.00282,0.99521,1.00133
2026-03-06,1.00069,1.0043,0.99678,0.99756
2026-03-09,0.99681,0.9996,0.99464,0.99849
2026-03-10,0.99923,1.00696,0.99451,1.00288
2026-03-11,1.0035,1.00594,0.98792,0.99161
2026-03-12,0.99137,0.99543,0.98938,0.9939
2026-03-13,0.99473,1.00485,0.99091,1.00244
2026-03-16,0.99988,1.00693,0.99907,1.0055
2026-03-17,1.00278,1.00404,1.0019,1.00304
2026-03-18,1.00429,1.01157,1.00162,1.0082
2026-03-19,1.00698,1.00836,1.00496,1.00626
2026-03-20,1.00766,1.0098,1.00335,1.00708
2026-03-23,1.00637,1.00978,1.00549,1.00706
2026-03-24,1.00746,1.00918,1.00593,1.00702
2026-03-25,1.005,1.00873,1.00089,1.0035
2026-03-26,1.0043,1.00748,0.99885,1.00237
2026-03-27,1.00238,1.00877,0.99877,1.00633
2026-03-30,1.00499,1.00775,1.00306,1.00483
2026-03-31,1.00441,1.0098,1.00194,1.00682
2026-04-01,1.00792,1.00991,0.9975,1.00003
2026-04-02,1.00006,1.00894,0.99923,1.00397
2026-04-03,1.00304,1.01289,1.00217,1.00998
2026-04-06,1.01112,1.01906,1.00947,1.0183
2026-04-07,1.01918,1.0231,1.0149,1.01715
2026-04-08,1.01669,1.02609,1.0133,1.02284
2026-04-09,1.02372,1.02559,1.02067,1.02145
2026-04-10,1.02145,1.02359,1.01939,1.02042
2026-04-13,1.02148,1.02387,1.01901,1.02114
2026-04-14,1.01877,1.02261,1.01693,1.01951
2026-04-15,1.02144,1.02389,1.0124,1.01612
2026-04-16,1.01342,1.01508,1.01053,1.01213
2026-04-17,1.01058,1.01677,1.00804,1.0144
2026-04-20,1.01446,1.0213,1.0124,1.01997
2026-04-21,1.02026,1.02485,1.01106,1.0167
2026-04-22,1.01658,1.01795,1.01331,1.0139
2026-04-23,1.01448,1.0235,1.01002,1.01828
2026-04-24,1.01844,1.02316,1.01456,1.01917
2026-04-27,1.01802,1.02291,1.01345,1.01831
2026-04-28,1.01765,1.01926,1.00861,1.01017
2026-04-29,1.01151,1.01291,1.0033,1.00505
2026-04-30,1.00777,1.01289,1.00341,1.01055
2026-05-01,1.01103,1.02047,1.00926,1.01524
2026-05-04,1.01463,1.01677,1.00917,1.01426
2026-05-05,1.01466,1.01799,1.00892,1.01223
2026-05-06,1.01354,1.01734,1.00464,1.0105
2026-05-07,1.01249,1.01813,1.0117,1.01659
2026-05-08,1.01519,1.01931,1.01345,1.01535
2026-05-11,1.01779,1.01973,1.00872,1.0101
2026-05-12,1.01014,1.01121,0.99909,1.00345
2026-05-13,1.00424,1.00851,1.00042,1.00242
2026-05-14,1.00386,1.00798,0.99583,1.00081
2026-05-15,0.99844,1.00098,0.9896,0.993
2026-05-18,0.99473,0.99805,0.99293,0.99549
2026-05-19,0.99515,1.00065,0.99447,0.99983
2026-05-20,1.00113,1.00713,0.99849,1.00478
2026-05-21,1.00519,1.00737,0.99189,0.99469
2026-05-22,0.99509,0.99798,0.99417,0.99724
2026-05-25,0.99859,1.00388,0.99123,1.00033
2026-05-26,1.00207,1.00866,0.99933,1.0079
2026-05-27,1.00639,1.01116,1.00512,1.00698
2026-05-28,1.00677,1.01186,1.00331,1.00769
2026-05-29,1.0082,1.01374,1.00571,1.01157
2026-06-01,1.0097,1.01811,1.00769,1.01536
2026-06-02,1.01758,1.01845,1.0079,1.01165
2026-06-03,1.01233,1.01884,1.01065,1.01555
2026-06-04,1.01455,1.02272,1.01257,1.02059
2026-06-05,1.0184,1.02078,1.01683,1.01916
2026-06-08,1.02138,1.02637,1.01967,1.02282
2026-06-09,1.02505,1.02966,1.01251,1.01655
2026-06-10,1.01539,1.01978,1.01345,1.01827
2026-06-11,1.01833,1.02133,1.01093,1.01438
2026-06-12,1.01422,1.01586,1.01101,1.01175
2026-06-15,1.01183,1.01551,1.00247,1.00571
2026-06-16,1.00688,1.01507,1.00571,1.01055
2026-06-17,1.01204,1.01347,1.00926,1.01244
2026-06-18,1.01316,1.01998,1.0099,1.0169
2026-06-19,1.01698,1.02506,1.01395,1.02043
2026-06-22,1.02198,1.02385,1.01659,1.02209
2026-06-23,1.02343,1.02496,1.01648,1.02141
2026-06-24,1.02212,1.02601,1.01725,1.01958
2026-06-25,1.0208,1.02362,1.00939,1.01191
2026-06-26,1.01102,1.01436,1.00694,1.0122
2026-06-29,1.01226,1.02361,1.0042,1.02119
2026-06-30,1.02064,1.02205,1.01077,1.01254
2026-07-01,1.00995,1.01174,1.00025,1.00221
2026-07-02,1.0032,1.00493,0.9959,0.9983
2026-07-03,0.99742,1.00189,0.99002,0.99596
2026-07-06,0.99441,1.00149,0.99367,0.99874
2026-07-07,0.99907,1.00116,0.99731,0.9987
2026-07-08,0.99826,1.00924,0.99652,1.0068
2026-07-09,1.00654,1.00784,0.99873,1.00057
2026-07-10,1.00154,1.00617,0.99262,0.99778
2026-07-13,0.99719,1.00026,0.99521,0.99732
2026-07-14,0.99648,0.99928,0.99336,0.99449
2026-07-15,0.99614,0.99877,0.99196,0.99559
2026-07-16,0.99562,1.00524,0.99052,1.00234
2026-07-17,1.00187,1.005,1.00008,1.00376
2026-07-20,1.00344,1.00749,0.99546,0.99823
2026-07-21,1.00083,1.00667,0.99859,1.00151
2026-07-22,1.00234,1.00653,0.99913,1.00327
2026-07-23,1.0018,1.00566,0.99681,1.00109
2026-07-24,1.00036,1.00788,0.99768,1.00461
2026-07-27,1.00648,1.01572,1.00398,1.01011
2026-07-28,1.00996,1.0116,0.99541,0.99825
2026-07-29,0.99946,1.00304,0.99465,0.99686
2026-07-30,0.99732,1.00185,0.99638,1.00008
2026-07-31,1.00016,1.01362,0.9983,1.00945
2026-08-03,1.00948,1.01459,1.00837,1.01312
2026-08-04,1.01208,1.01524,1.00821,1.01088
2026-08-05,1.01257,1.01389,1.00716,1.00829
2026-08-06,1.00768,1.00964,1.002,1.00316
2026-08-07,1.00356,1.00817,0.99924,1.0045
2026-08-10,1.00263,1.00417,0.99782,1.00027
2026-08-11,1.0001,1.00254,0.9917,0.99558
2026-08-12,0.99499,1.00068,0.99399,0.99884
